TuPapiRiko,jeremy3500@gmail.com,jeremy15,7353
Bodoque,manuel@gmail.com,manu123,6995
lexsus,jeanpiero@gmail.com,lexsus159,8569
Cizte,cristian@gmail.com,Cizte12,7238
david,david@gmail.com,david,2765
admin,admin@gmail.com,admin,3209
Pruebaa,Pruebaa_06@gmail.com,Pruebaa,4766
lautaro,lautaro@gmail.com,lautaro,9622
